age,weight,height,income_lpa,smoker,city,occupation,insurance_premium_category
21,99.25341094121626,1.7814330694904306,2.9882835382173174,False,Larkana,student,High
24,64.1803122760781,1.839822128849328,1.2333168979635127,False,Multan,student,Low
71,50.15058457375387,1.5,1.2479217067383435,True,Hyderabad,retired,Medium
44,65.78025384099465,1.6741547244270996,5.976539248865086,False,Karachi,government_job,Low
23,86.85359092847493,1.7221472082026774,3.9553417172760756,False,Multan,student,Medium
49,81.56147911367653,1.7963923339473349,15.626571701301213,False,Rawalpindi,freelancer,Medium
45,59.08939946968077,1.8630941345257688,6.1756869370468195,True,Hyderabad,private_job,Low
44,80.24791022964939,1.808361756157022,42.320078381886454,False,Sialkot,business_owner,High
23,62.355242611037156,1.862880316675983,1.9948622107551497,False,Faisalabad,student,Medium
38,74.60528589368889,1.7301147473065452,39.32240112269134,False,Rawalpindi,freelancer,Low
51,60.76783935143761,1.609055520691841,8.04929354685369,False,Multan,business_owner,Medium
37,114.94626660040161,1.7475957360451864,10.232908020027565,False,Hyderabad,freelancer,Low
38,82.3261627214789,1.9,30.07502553147445,False,Bahawalpur,business_owner,Medium
26,66.83281935322202,1.8763650090685688,28.48440094172332,True,Peshawar,private_job,Low
58,70.05317850597585,1.7203816305291075,48.36834082024726,False,Sargodha,government_job,Low
62,81.3347808762021,1.5,1.7613737179976425,False,Lahore,retired,High
40,105.15822691168668,1.7610937072041322,5.275384250361032,True,Larkana,government_job,High
56,104.22363079912196,1.7347218309354775,41.83965196295547,True,Faisalabad,freelancer,Low
38,89.30538267773119,1.9,13.802401033569797,True,Karachi,private_job,Low
61,91.71652507711308,1.797365499225601,0.9387539791237909,True,Karachi,retired,High
74,111.64335182832144,1.8432977474600278,2.0947583053088588,False,Bahawalpur,retired,High
46,63.31129049159127,1.7258781221734776,20.877631875057574,False,Rawalpindi,business_owner,High
49,77.18205709500461,1.7445951813207619,26.549500454428085,True,Rawalpindi,unemployed,Medium
39,75.69401529258107,1.6621621171886372,7.600977638099302,False,Larkana,freelancer,High
20,82.97187648272379,1.7027106503439315,1.354810495878988,True,Bahawalpur,student,Medium
71,58.28323355615259,1.8748220024301074,1.5456045693235467,False,Rawalpindi,retired,High
28,117.5717978938391,1.5882582664124596,41.53550136574038,False,Sialkot,freelancer,Low
49,66.28971814177646,1.7347634773617535,30.874956475910462,False,Quetta,government_job,Medium
29,120.0,1.6449040406506048,37.925129782367826,True,Rawalpindi,business_owner,Medium
21,73.6570048094198,1.6453543739688055,2.5935425947345436,True,Multan,student,Low
39,95.43516060887701,1.890499887155595,8.023781368228565,True,Faisalabad,business_owner,Medium
22,98.88711558267602,1.7029877112121272,3.9150512039341825,False,Multan,student,High
30,65.66811347583231,1.610259796965548,37.06106489183561,True,Sargodha,business_owner,High
47,95.0518379713328,1.5450157721618065,19.59136032208754,False,Peshawar,unemployed,Low
44,98.23885464854561,1.8164155540136329,36.32750805954621,False,Larkana,private_job,Medium
24,51.27746939270605,1.6769152846057322,2.3033492499276873,True,Sargodha,student,High
46,77.58933284377099,1.9,19.238523530608468,False,Karachi,government_job,Medium
40,82.49966924453703,1.9,39.32579117692632,False,Rawalpindi,freelancer,High
69,80.10537305916412,1.77178142532159,1.7445912115155804,False,Multan,retired,Medium
26,62.03688040603572,1.6992258374170897,6.551522526776356,True,Quetta,business_owner,Medium
30,75.313715025245,1.6337183866922569,23.08996879115235,False,Sialkot,business_owner,Low
33,50.0,1.6472645398634702,26.24631473872595,False,Sialkot,unemployed,High
39,115.04894321315705,1.6252236341143067,34.26754272332518,True,Larkana,unemployed,Low
32,98.95681539021209,1.5538623143601398,45.61531939593165,True,Sargodha,business_owner,High
68,91.06331552008649,1.6446598704678381,0.6916843433407653,False,Faisalabad,retired,Medium
36,99.5653552916748,1.6286223922949916,24.968518722501802,False,Sialkot,private_job,High
22,79.24965198311084,1.6682120680252195,1.130550361061957,False,Sialkot,student,High
74,81.32554732016871,1.6471835730364088,1.29189962472875,False,Lahore,retired,Low
38,97.94764132347164,1.6611331367345767,38.42845107740825,False,Larkana,freelancer,Medium
31,90.84021922852371,1.7256329543259257,9.048746454408425,False,Larkana,government_job,High
38,75.71412869438484,1.781881716657954,18.041156477510427,True,Rawalpindi,business_owner,Medium
55,56.85868116725837,1.7023161010487637,21.476584704102823,False,Sargodha,private_job,Medium
52,83.43887997529929,1.842489382323607,41.55420459212633,True,Bahawalpur,freelancer,Low
29,71.48022180378544,1.7643995462365023,18.183711044358148,True,Sargodha,business_owner,High
74,80.95465670984044,1.616410442857884,0.8497076385908853,False,Faisalabad,retired,Low
43,94.57833502778732,1.808153016321365,49.96802121897592,True,Faisalabad,private_job,Medium
44,94.45031396472297,1.686333791761193,35.80908165381164,True,Hyderabad,freelancer,High
36,81.95525554888485,1.7073193976841492,25.126599736517402,True,Larkana,government_job,High
24,95.47969681230954,1.7124426749094446,2.736408254092637,False,Karachi,student,Medium
49,50.0,1.6171488624177577,9.558368608215146,True,Larkana,government_job,Low
44,92.91989733962045,1.7264637244379004,10.342440162622061,False,Sargodha,freelancer,Low
53,66.45995419393684,1.7721944030225898,36.50515520602583,False,Quetta,private_job,High
34,100.96016901804651,1.5359863864653542,46.36337812439059,True,Hyderabad,government_job,Low
55,114.9941494871934,1.5766541213694438,47.73475486654552,True,Hyderabad,government_job,High
58,95.06682570814517,1.6574248334058896,8.412760843782358,False,Sialkot,freelancer,Low
65,80.91142155330897,1.7691537952317617,2.578209443172524,False,Karachi,retired,High
24,59.221967501841625,1.6940915586582352,2.7332687325008993,True,Peshawar,student,High
30,120.0,1.652014796860232,36.5826396316736,False,Peshawar,business_owner,Medium
74,84.48186014907019,1.7165281835024324,0.7253905043030625,True,Sialkot,retired,High
33,83.1950932161786,1.6911912550082708,35.780368523330445,True,Bahawalpur,freelancer,High
41,82.23919313296663,1.5280931418345194,35.26441665914474,True,Lahore,freelancer,High
43,75.0074701517027,1.5424312233815785,9.36882281520432,True,Sargodha,business_owner,Medium
41,117.78413403071734,1.6113810741181467,11.45718579794439,True,Rawalpindi,freelancer,Low
18,96.26659017808211,1.8441318215474214,2.33516995179922,False,Lahore,student,Low
62,84.63595402226937,1.6391619993839024,1.0161073202909607,False,Peshawar,retired,Low
44,94.148389120256,1.6959364201901088,27.84568229040484,True,Larkana,government_job,High
40,50.0,1.8938806967559862,27.059648747347268,True,Karachi,unemployed,Low
37,98.56429143429824,1.7291012630667968,44.350354325299925,True,Bahawalpur,freelancer,Low
35,50.0,1.7564783425095556,48.11317139128527,True,Peshawar,government_job,High
43,114.34962111125617,1.5060792295631211,37.41794595123856,False,Rawalpindi,business_owner,Low
52,74.87999257092379,1.9,47.778244777895054,False,Hyderabad,unemployed,Low
39,93.59597074735979,1.8227278220569951,43.466837173397195,True,Peshawar,private_job,Medium
42,51.35207674581795,1.7498642442236132,26.540013594599657,False,Multan,business_owner,Low
37,50.0,1.6048504369928946,32.856676077013105,True,Lahore,private_job,Medium
36,94.0595683928669,1.5,46.16669659744481,False,Faisalabad,business_owner,Low
70,66.75296926230277,1.8685500921549552,3.7528635060527047,False,Karachi,retired,Low
20,96.00353001426969,1.8077024376513373,2.836214253970944,True,Larkana,student,Low
30,95.8637537198494,1.6129268376542278,41.453263674563836,True,Rawalpindi,private_job,Medium
41,63.3411888505407,1.7056983627977493,21.317052586464296,True,Karachi,private_job,Medium
20,80.56199126044703,1.6401650315623444,3.1282694315069617,False,Karachi,student,Low
26,88.5161942122533,1.9,13.96542198577684,False,Rawalpindi,private_job,High
29,50.0,1.9,10.064829298598713,False,Lahore,unemployed,Medium
42,74.67211383144887,1.7464160610963542,39.71721569677087,True,Larkana,business_owner,Low
31,88.8520825361747,1.5260703042009007,35.35040641343088,False,Lahore,business_owner,High
56,97.94692603566337,1.6851857185155168,5.725191936280243,False,Bahawalpur,freelancer,Medium
60,87.05680815470781,1.7846476719113542,35.61513118343932,False,Sargodha,business_owner,Medium
50,74.27337644110636,1.6733017575848732,18.819641496060065,False,Peshawar,government_job,Medium
56,53.87849073720744,1.7405719428941868,24.760706657363276,False,Faisalabad,government_job,Medium
46,59.423030436653434,1.8259652991306357,9.951218161728335,True,Karachi,freelancer,High
33,105.43385957904714,1.5556131013947228,28.295387834568526,True,Karachi,unemployed,High
37,72.20470320669548,1.737375773285304,17.289866393772805,True,Sargodha,freelancer,Low
56,101.45990858177713,1.7025195419780863,21.203424153839414,True,Karachi,government_job,High
49,116.36959651207152,1.5451516183516227,16.420565401836157,False,Rawalpindi,government_job,Low
39,92.11517618446531,1.6223705744557533,7.432219830382348,True,Quetta,freelancer,Low
46,105.57669976685668,1.7190618281307977,21.880933524138317,False,Sargodha,business_owner,High
22,104.05438383320853,1.815374608236844,2.761750709304972,False,Karachi,student,Medium
46,120.0,1.665829166652794,15.887800907049655,True,Sargodha,freelancer,High
35,86.78923763139078,1.9,34.411187808980245,False,Karachi,unemployed,Medium
58,85.50595133784918,1.6423332283783072,26.809261872233158,False,Quetta,government_job,Medium
71,76.47744829806533,1.6428141190103962,3.3931341159975377,False,Hyderabad,retired,Low
50,50.0,1.8244773890126431,19.022463386102825,True,Peshawar,government_job,Low
53,120.0,1.716927888850114,32.04844801691951,False,Peshawar,business_owner,Medium
45,74.03604902660649,1.6987912273628907,16.790029104973023,True,Quetta,business_owner,Low
58,103.42664699635571,1.7866562127056453,17.603390171563948,False,Sialkot,government_job,High
63,93.17259758868516,1.9,3.5981235231969304,False,Quetta,retired,Medium
36,90.87457891190938,1.6034937380143672,47.69493462244423,True,Peshawar,business_owner,Low
60,63.72583646795583,1.7717786120446906,36.351574397705434,True,Rawalpindi,private_job,Low
22,85.95111287252294,1.6070454198182187,3.626925283963244,False,Peshawar,student,Low
49,77.25729608227334,1.79547494127327,48.64791234303042,False,Larkana,unemployed,Medium
66,74.5403061032309,1.7304758123637614,2.1345952423847647,False,Larkana,retired,Medium
35,90.40937628668192,1.5861872428884314,35.82941720777768,True,Larkana,private_job,Low
53,106.320772918355,1.8987377204041624,8.196535080836858,False,Faisalabad,business_owner,Medium
65,112.60274573015066,1.7378522961037441,2.0447470842026174,False,Sargodha,retired,Medium
44,92.75961468308307,1.6792625161086037,44.64879308950102,True,Lahore,freelancer,Medium
74,119.7469315558846,1.7250358416620974,1.0296757152507876,False,Sialkot,retired,Low
30,82.10626691125027,1.6498179537148336,10.651584247585207,False,Peshawar,private_job,High
69,71.40935259345908,1.630321339168744,3.915057479959073,True,Larkana,retired,Medium
42,51.649516885899565,1.7106750883817146,44.822800132110956,False,Hyderabad,freelancer,Medium
32,68.05402352800694,1.5,28.5613691789837,False,Hyderabad,freelancer,High
28,100.99780219336759,1.7099201484124382,40.94554746901933,False,Bahawalpur,private_job,Low
56,71.23811446284878,1.622848179368555,30.361563229088222,True,Sargodha,private_job,High
19,62.587829384008366,1.7853089084903397,2.273413098596696,True,Multan,student,High
32,103.72562277610467,1.736611869989087,46.971192653407066,False,Karachi,unemployed,Low
36,57.96606214488643,1.5,12.881075298348767,True,Rawalpindi,private_job,Medium
39,85.84165592855592,1.5249259486904563,33.77419637967594,False,Faisalabad,unemployed,Low
43,120.0,1.6692322266640367,25.142603510542084,True,Quetta,private_job,High
45,95.26737989940551,1.6542789843744719,27.80020378478448,False,Faisalabad,business_owner,Medium
22,66.29177080353112,1.8166952602158262,2.829496069542966,False,Peshawar,student,Low
50,104.34932032498708,1.697818795344879,26.867951945525718,True,Rawalpindi,freelancer,Low
32,74.25810807467566,1.781041570522273,39.52406458076555,True,Larkana,freelancer,High
68,75.11196911656896,1.7816078488596125,3.1350553130236993,True,Larkana,retired,High
53,50.0,1.6503671057255818,21.034531969272187,False,Multan,freelancer,Low
21,98.0486128176306,1.7360110698993887,1.0029767825720368,False,Lahore,student,Medium
52,109.36734805297502,1.6055254205035012,34.273392358759544,True,Hyderabad,private_job,Low
54,68.62415991901884,1.801611875735961,31.167149333675493,True,Faisalabad,business_owner,High
35,95.8027280048997,1.6152994690480482,29.427510532606206,False,Karachi,government_job,Low
25,91.28240404207381,1.6051162666344834,22.308246576637547,True,Karachi,business_owner,High
45,94.64588630191622,1.6873754093484918,34.21894618319311,True,Rawalpindi,government_job,Medium
20,111.02091730238311,1.6531964152591565,2.0372218473818644,True,Karachi,student,Low
31,61.123573126479336,1.5813536293331536,45.96756781372451,False,Hyderabad,government_job,Medium
38,54.645799901098826,1.6075553536606728,27.889276295314055,False,Multan,freelancer,High
59,74.01241559204982,1.7901623961434585,39.78130931063722,False,Peshawar,business_owner,Medium
72,75.4066320195508,1.7778090500772457,0.7080346960975737,False,Quetta,retired,Medium
34,73.94575730734229,1.7270856717784895,46.83870780149575,False,Multan,unemployed,High
63,99.35254098731411,1.6533107020058257,1.5495284015827853,False,Peshawar,retired,Medium
47,70.18341345591256,1.5677379648013794,30.052186952868812,False,Peshawar,business_owner,Medium
24,86.78466879233612,1.5947024155451934,1.8678631592242683,True,Hyderabad,student,High
40,120.0,1.7782994986119753,7.279471129469998,True,Larkana,government_job,High
25,56.748825243992165,1.6275569953924147,9.376542694459852,False,Sialkot,unemployed,Medium
72,120.0,1.8516262810628448,3.4078625440035477,False,Lahore,retired,Medium
70,93.25347636079077,1.7757551057324688,2.739779078380042,False,Karachi,retired,High
36,71.66368845456753,1.682881084438625,28.847845042168096,False,Sargodha,government_job,Low
36,106.27071543353301,1.6758543067859089,38.23020178001595,True,Karachi,government_job,High
69,68.104765265277,1.675816630195828,2.7179721247588042,False,Sargodha,retired,Low
23,80.5467845347483,1.703725137718389,3.446232491276646,False,Bahawalpur,student,Medium
52,77.31200512479836,1.715388062950895,25.417293309732095,True,Rawalpindi,business_owner,Medium
68,59.01181260361329,1.6792822494205262,3.0236270386187796,True,Bahawalpur,retired,High
62,73.03563981174801,1.5811030308062919,0.8820398099597494,False,Quetta,retired,Medium
74,91.96687743382536,1.6724371987261917,2.098752155503668,False,Multan,retired,High
70,74.61522013408513,1.596731733381217,3.7762202341072366,False,Faisalabad,retired,Low
44,69.23029208025943,1.7864471041887335,38.458600509949534,False,Peshawar,business_owner,Low
49,108.17942382227423,1.5287844382320142,16.181812897830184,False,Bahawalpur,unemployed,Low
39,77.33206747841885,1.7472274998578028,6.222808278714396,True,Peshawar,business_owner,High
62,65.17980964355257,1.7740440160153257,1.0909702188022998,False,Sargodha,retired,High
25,67.57222839842184,1.696010835130251,15.158266578927877,False,Bahawalpur,freelancer,High
46,78.05377184788269,1.7302085003941161,16.29759414736793,False,Hyderabad,freelancer,High
40,88.77012503568534,1.6520888061233472,26.992010911990725,False,Bahawalpur,freelancer,Low
33,77.48472425630861,1.8265034367591007,16.15474819213147,False,Hyderabad,government_job,Low
74,92.67749050753808,1.7197172494339645,1.9875500824664467,True,Larkana,retired,Medium
52,89.30392424210258,1.8517912622939705,9.625695972443104,False,Peshawar,unemployed,Medium
57,75.64118504448474,1.5963111770304408,21.591384131910242,True,Larkana,government_job,High
36,96.1579963658888,1.7192241193837359,26.861929673998077,False,Bahawalpur,freelancer,High
56,120.0,1.8637588404598355,49.181767604459,False,Multan,private_job,Low
31,88.68103245846062,1.7138984015082865,15.886310784280164,False,Karachi,unemployed,Medium
30,50.0,1.9,32.44731073002164,False,Bahawalpur,government_job,Medium
43,89.31632865362539,1.7233116783535432,23.02354115732209,False,Karachi,government_job,High
55,58.22959347290173,1.9,32.55138482550113,True,Sialkot,private_job,Low
71,71.80684141276333,1.7122471637186125,1.5136448060702659,True,Quetta,retired,Low
71,97.9919712958285,1.8859131542760355,1.075369976025334,True,Peshawar,retired,Low
59,93.01887265653833,1.6222575128356456,10.541426639507026,True,Faisalabad,business_owner,High
28,69.09004754327387,1.7614366897876328,22.090956934577864,False,Karachi,private_job,Medium
67,103.13724119424089,1.8149498289433403,1.5013244549584142,True,Karachi,retired,Medium
54,57.430875802277136,1.5469933292077724,32.77052574883683,True,Multan,business_owner,High
59,88.17747959584985,1.7317538603838551,30.093089107264,False,Bahawalpur,business_owner,High
60,84.74327855604676,1.9,49.29884147182451,False,Hyderabad,freelancer,Medium
39,50.0,1.9,30.147242480027376,True,Multan,unemployed,High
55,94.0725818941704,1.7396533579629063,39.18903113954088,True,Rawalpindi,freelancer,Low
33,81.24490198845717,1.5746273037630294,6.946266820112164,False,Faisalabad,freelancer,High
48,99.3143399100469,1.8805212487167529,48.15305544902417,True,Larkana,business_owner,Low
35,120.0,1.542142103763285,5.1540102279351485,True,Bahawalpur,business_owner,Low
74,50.0,1.9,1.1333876401765428,True,Larkana,retired,Medium
66,89.01605445528675,1.844229196296004,1.190460969478982,False,Rawalpindi,retired,Medium
41,67.60016226046307,1.505053069091989,48.53114338545475,True,Sialkot,business_owner,High
69,102.04938475642598,1.6024647863344337,2.4086265272193614,True,Quetta,retired,Low
48,103.81676137275684,1.7288900491259478,47.36232032895798,False,Multan,unemployed,Low
58,54.85635647883284,1.7757878782322223,16.120895943293412,True,Larkana,business_owner,Medium
31,109.38881630075872,1.7377681020755327,21.269028723036392,True,Lahore,government_job,High
52,93.73356028504314,1.8927160625283976,21.38427702305193,False,Karachi,freelancer,Medium
22,120.0,1.6571009136655361,0.8523934336207581,False,Multan,student,High
60,64.52938517471718,1.8620375120837502,12.84779336211723,False,Rawalpindi,private_job,Low
24,87.403007734993,1.7175537886181704,1.7769999464459758,False,Quetta,student,Medium
49,83.4993866585125,1.6139537950948852,34.8356755200735,True,Faisalabad,freelancer,Medium
47,77.31000078297015,1.8808439146425375,40.6371103287721,False,Quetta,business_owner,High
66,92.94525118520251,1.6665870282862485,3.8935596889197295,False,Lahore,retired,Medium
50,81.6644709550026,1.721518575107905,46.96191768013635,True,Sialkot,private_job,Medium
20,106.65001368605473,1.798654500213564,3.039313973197582,True,Bahawalpur,student,High
55,76.30784361706804,1.7384552828160884,26.18041949686384,True,Hyderabad,private_job,Low
62,113.3568881543242,1.6926981845226479,1.5298835520708214,True,Sialkot,retired,Medium
45,116.96248750229103,1.6992008472789857,42.67842387147245,False,Multan,government_job,Medium
42,57.72837502811336,1.5492686713863217,30.09028770351813,True,Faisalabad,business_owner,Low
70,56.773995265008324,1.8198345422227282,2.1655996054801108,False,Karachi,retired,Medium
71,65.40597156037668,1.8624972483979731,2.3467994371392074,False,Peshawar,retired,High
21,87.83046072839998,1.7240001032793775,3.0663450888248414,False,Quetta,student,Low
40,58.45272460190955,1.7615430858227499,13.8911966420142,False,Multan,unemployed,Low
47,75.6443108591856,1.7673014720017142,30.11408784043914,False,Faisalabad,business_owner,Medium
47,102.89088318343366,1.8601649628609798,11.945535413471564,True,Multan,government_job,Medium
46,119.91073201920841,1.882302146317164,14.270200521993088,False,Karachi,freelancer,High
28,94.29435584401926,1.8130240749261333,9.756934083397118,False,Multan,unemployed,Medium
31,111.03014706592342,1.66333614709127,49.7106400586183,False,Larkana,business_owner,High
19,50.0,1.6920431375804807,1.1618497613503278,False,Lahore,student,Low
66,73.9555657285598,1.8651128836503663,1.085246622783652,True,Hyderabad,retired,Low
38,112.3369063635385,1.9,48.70419686003051,False,Hyderabad,freelancer,Low
30,110.32197477192116,1.5576060089994355,28.711325370325962,True,Karachi,freelancer,Medium
25,64.24069926988858,1.7346980083652144,21.264383988327907,True,Sargodha,business_owner,High
69,77.84900847386395,1.742392149405949,3.666991783921867,True,Karachi,retired,Medium
51,77.22183605524943,1.8411895120977395,16.772292912348558,False,Larkana,freelancer,High
20,86.18762136987453,1.5801990594632542,1.0403613704118873,True,Quetta,student,Low
52,97.33400734035405,1.6928993586523018,22.652832713767875,True,Hyderabad,government_job,Low
61,85.49637249514846,1.6973211772891796,3.9298741547811176,False,Rawalpindi,retired,High
69,91.33129318873553,1.835761827783772,3.1998011105390396,True,Larkana,retired,Medium
43,83.34317495536513,1.783625287009962,8.525158692308182,False,Sargodha,unemployed,Medium
63,87.87820784160935,1.6759466150624414,3.2564187271156424,True,Quetta,retired,Medium
74,84.47901061264521,1.7171851390897315,0.580605076364539,True,Karachi,retired,High
40,101.86049658758333,1.8830926809163655,23.839393856620326,True,Karachi,freelancer,High
33,95.13031510786017,1.70142038577789,42.565109321050194,True,Bahawalpur,private_job,High
30,63.71544344429979,1.650901918067357,22.249794785878752,False,Quetta,unemployed,Medium
31,66.90033423648605,1.7258035571343198,6.748348154978872,True,Multan,private_job,Low
30,69.93688395911373,1.8086001427883565,15.533024738068008,True,Sargodha,unemployed,High
32,73.22777698294622,1.5549276481357692,13.922200425313687,False,Hyderabad,business_owner,High
56,82.41255296574474,1.5585634079781727,8.393657994439815,True,Sialkot,unemployed,Low
42,53.84221153286366,1.6791194377801044,15.683595278467097,False,Larkana,business_owner,High
22,84.31546116216217,1.6456750220279934,3.795899591424,True,Sargodha,student,Low
50,79.46945346699087,1.7136962555186848,48.25000463680251,False,Peshawar,government_job,Medium
27,90.49982014014003,1.7338488798854983,13.111720773827416,True,Sialkot,unemployed,Low
69,72.38632621671968,1.7956501604641915,3.52889918805917,True,Rawalpindi,retired,Low
33,71.80661622647071,1.6787292207956466,12.246903670311273,True,Multan,private_job,Low
18,77.59349306864026,1.604368109361712,1.1415857264479683,False,Peshawar,student,High
42,94.93484260358372,1.6650879548494024,45.78683607883245,True,Bahawalpur,business_owner,Medium
39,97.64095762037027,1.7487765167146716,13.328939246340775,True,Larkana,government_job,Medium
45,81.25458254180283,1.7199839679679787,17.996077205385127,False,Rawalpindi,government_job,Low
64,92.81183804995513,1.6975077825125986,2.5985244570339288,True,Rawalpindi,retired,Low
29,97.47548730855897,1.8871391247125993,28.064292928024365,True,Bahawalpur,private_job,Medium
32,82.18079096695058,1.8153069987498685,21.909872586711618,True,Quetta,private_job,Low
70,87.81773551783107,1.8368242708220988,0.6499552303728819,True,Karachi,retired,High
44,83.74455481855409,1.532047716634341,31.33989566506225,False,Quetta,private_job,Medium
31,94.67535720635689,1.7849105950209656,5.426964877793586,False,Faisalabad,unemployed,Low
20,97.56261648893322,1.8120761089583395,2.645449131512093,True,Rawalpindi,student,Low
69,105.57567192625488,1.6055796807068523,2.1676291225593323,False,Larkana,retired,Medium
61,83.18320584879936,1.695373539782253,0.9943549191813077,False,Quetta,retired,High
50,50.0,1.7689284316390523,9.292233923635813,True,Lahore,private_job,Medium
71,91.23818785657967,1.6569146960234558,3.7584139281813185,False,Quetta,retired,Low
75,66.7488834762675,1.7568343738388235,0.5841097904637398,False,Larkana,retired,Medium
21,71.80659465373861,1.692749198351428,2.9322760422960137,False,Quetta,student,High
42,75.20327836673354,1.691519214688087,22.91179994456575,False,Quetta,freelancer,Low
40,71.96061808810263,1.8611663909900131,27.230598707642603,False,Karachi,private_job,Low
28,120.0,1.537479358798526,36.12560343240969,False,Larkana,business_owner,Medium
27,87.23482171728101,1.661920496666012,11.831767316627898,False,Peshawar,government_job,High
46,66.54189597177673,1.5,26.607931846409993,False,Sialkot,government_job,Low
18,106.5688628892899,1.528455194917424,1.5430175936125365,False,Hyderabad,student,Low
49,82.26880172993782,1.681966293806809,34.65465748279463,False,Multan,unemployed,Medium
18,72.54867159096698,1.8322387996020797,1.6781343525664394,False,Multan,student,Low
55,91.72243851273089,1.6629337692173543,11.834009155987655,False,Multan,private_job,High
42,85.56411619114229,1.8218247418567912,9.899582981728386,False,Sialkot,freelancer,Low
18,62.516255656815204,1.6205386698701432,3.5938881146584984,False,Sialkot,student,Low
36,50.0,1.655634578034968,36.94357331817116,True,Sialkot,freelancer,High
54,62.65370442083452,1.798790367505936,24.347711222543875,False,Karachi,government_job,Medium
38,104.73061641812882,1.7633633741973935,35.28384266210157,True,Rawalpindi,unemployed,High
57,66.85594395950895,1.9,40.68195604039145,False,Sialkot,business_owner,Low
26,91.10196427761664,1.861420154198442,42.302332006924125,True,Lahore,government_job,High
61,105.3918751855413,1.6491609670074188,3.623227400879765,False,Faisalabad,retired,Medium
48,120.0,1.6329964050144643,39.144829096952314,False,Bahawalpur,private_job,Medium
48,58.36250420283426,1.5090167402384314,35.04191102356724,True,Peshawar,unemployed,Medium
25,50.49221604199551,1.7002912184452192,8.066032322214102,False,Lahore,government_job,Low
24,67.3968992583811,1.7077423763204636,0.5586768618900977,True,Quetta,student,High
51,99.2705379123693,1.6717693874560626,33.835160880709225,False,Bahawalpur,business_owner,Low
50,81.7528198350442,1.6019556736662728,36.12112704143436,False,Multan,freelancer,Medium
43,68.13800187919854,1.5653024410206327,25.56091742968537,False,Sargodha,business_owner,Medium
55,88.70665218416532,1.735039636570037,35.82588879760337,False,Rawalpindi,unemployed,High
44,75.10045344350506,1.7402848638567694,41.57741089460848,False,Lahore,business_owner,High
30,65.93335803300573,1.7655857131843926,44.96171250922375,True,Multan,private_job,Low
25,95.01944013983848,1.6521644449074415,42.176711054942054,True,Peshawar,freelancer,Low
19,96.72932614798125,1.7125797330042145,2.8245040778557997,False,Sargodha,student,High
47,78.77457459565228,1.8635113074911087,5.756562358268863,False,Multan,government_job,Medium
45,97.71454881355515,1.526817617272677,44.68810242249038,False,Rawalpindi,private_job,Low
32,50.0,1.7070320074339835,35.407502047201106,False,Karachi,business_owner,Low
63,69.47763796804364,1.5996791446882763,3.9787589476399465,True,Sialkot,retired,Low
38,112.20501177321674,1.8473817726784811,8.71364913068422,True,Faisalabad,private_job,Low
63,83.22423618434055,1.5327533520485157,3.660021515936969,False,Multan,retired,Medium
40,51.27644371854709,1.7778144960398754,44.97650572382521,False,Lahore,private_job,Medium
50,69.22723869940063,1.7495836330850547,17.480383369684496,False,Rawalpindi,business_owner,Medium
67,50.0,1.7838674831738393,0.6126155111667598,True,Sialkot,retired,High
54,105.02490189398704,1.6800783705634799,27.667553054856818,True,Multan,business_owner,Medium
40,66.78060421925241,1.671714077063925,21.285964482970435,False,Sargodha,freelancer,High
23,65.99799538061444,1.711555970837407,1.3613211601224733,True,Lahore,student,Medium
65,95.79115190792825,1.9,1.5773214873094776,False,Bahawalpur,retired,High
66,63.05432231484373,1.5322543702764497,1.3340773285861522,False,Quetta,retired,Low
52,98.51181356768488,1.6526088518743618,16.133422226475908,False,Bahawalpur,unemployed,Medium
29,114.20138788359228,1.7685237945056334,47.93339305968347,False,Lahore,private_job,High
59,89.57947159515413,1.7807156537968643,5.7707828981173686,False,Bahawalpur,business_owner,High
59,50.0,1.8359517910718384,8.057034966576017,True,Sialkot,private_job,High
60,71.76149775970977,1.732381449859236,48.44041604423871,False,Rawalpindi,freelancer,Low
59,99.30226503304463,1.647979934811436,5.750339766647549,False,Peshawar,government_job,High
62,68.67198601450241,1.7563537678622125,2.296381288762797,True,Karachi,retired,Low
52,58.979757282714075,1.7438797242936952,44.43873575186872,True,Lahore,freelancer,High
35,77.84148560514737,1.7377457713122688,25.779578104739702,False,Sargodha,government_job,Low
43,96.96059950258189,1.5245998518294717,28.73147863172098,True,Quetta,freelancer,Low
59,81.11735025596535,1.670333230172262,28.889210174398023,False,Larkana,government_job,High
67,50.0,1.7763135022473093,1.4899218268081715,True,Lahore,retired,Medium
27,105.75469156095446,1.5498173350206665,43.02045178192227,False,Faisalabad,government_job,High
40,88.0150981967717,1.5400966012677928,40.73324187515749,True,Multan,government_job,Low
66,84.90052821642203,1.8361723978257543,1.7550632014491592,False,Karachi,retired,Low
44,66.71372305848934,1.838222767463176,49.24996569238065,True,Lahore,business_owner,Low
49,95.3347454386913,1.616277952603694,34.15253139741601,False,Peshawar,government_job,High
26,96.23199479309694,1.5646016564771712,30.418826491840957,True,Peshawar,unemployed,High
36,64.27071118499569,1.649005259658968,46.15799120875709,True,Rawalpindi,private_job,Low
25,84.26802898664158,1.6930481582568175,40.29612771924067,False,Quetta,unemployed,Medium
67,76.28887781580691,1.9,1.4885616368898362,False,Lahore,retired,Medium
25,88.88164816499338,1.794979888062764,22.82076877697441,True,Multan,unemployed,Medium
74,75.49436177632192,1.6707920950720663,3.1007615398412938,True,Quetta,retired,Medium
40,76.05652154556007,1.6558568789970187,38.00306292546847,False,Quetta,government_job,High
69,84.42473255061563,1.793810242530509,3.3514436213945027,False,Multan,retired,Medium
48,50.0,1.866808461012841,23.938655117948915,False,Bahawalpur,business_owner,Medium
52,69.40431830182095,1.7477573308892367,30.673148793632464,True,Karachi,private_job,Low
71,90.37308158715518,1.6657275823267048,1.1901607972724007,True,Karachi,retired,High
26,95.46566702332073,1.6237697278301064,26.45020155646435,False,Multan,government_job,High
47,50.01418697830138,1.669703428490246,29.826939984602646,False,Hyderabad,business_owner,Low
55,64.97802610849612,1.519329811802311,49.62255597528957,True,Rawalpindi,business_owner,High
73,54.1224196148047,1.6789000866310584,3.826562008293824,True,Rawalpindi,retired,Medium
23,98.24379372335143,1.707357640185183,2.281601632522799,False,Sialkot,student,High
58,115.18658124207576,1.7942615751991802,36.65870801444059,False,Sargodha,government_job,Low
52,55.00916901044849,1.9,35.26659437383613,False,Hyderabad,private_job,Medium
22,96.90766442642946,1.7176344940187998,3.4190741157007962,True,Rawalpindi,student,Medium
50,66.07581420412814,1.8462497888820122,19.869140723038765,True,Larkana,unemployed,Medium
46,52.96932865485054,1.8336078711663018,17.46210268922377,False,Quetta,government_job,Medium
42,76.85693811920729,1.6993545448233882,32.76210191042459,False,Faisalabad,unemployed,Low
31,86.02047358825877,1.6539292137652275,35.96898775247886,False,Lahore,freelancer,High
45,92.4848580950767,1.6749529604933808,36.611240937174614,False,Lahore,unemployed,High
61,71.89507319543785,1.6909527640051554,1.175162445413898,False,Rawalpindi,retired,Low
61,80.40553088981397,1.692020834360567,3.500083486031496,False,Larkana,retired,High
44,74.0701655907425,1.63741984174751,14.165227847846026,False,Sargodha,government_job,High
53,79.86537601443136,1.754998524137471,21.537712949504233,False,Bahawalpur,unemployed,High
48,88.93395602643533,1.9,18.72757824549059,True,Bahawalpur,private_job,Low
32,50.0,1.792279310738233,37.84444249015809,True,Karachi,private_job,Medium
22,58.54388176362801,1.7365671071773823,2.3496283694813607,True,Rawalpindi,student,Low
60,50.0,1.5707706221806543,31.910381858485025,False,Karachi,government_job,High
29,98.02419065403964,1.5409996339424825,30.185500245836092,False,Rawalpindi,government_job,Low
60,74.79196103599972,1.7153532826348907,26.106998678953033,True,Bahawalpur,unemployed,Low
30,95.59469924863266,1.5114742866498398,19.26198721788804,False,Multan,private_job,Low
61,84.28643070271876,1.8256768795746654,1.297064674742868,True,Bahawalpur,retired,High
66,101.15294372598125,1.733464254757767,3.1254056116275564,False,Hyderabad,retired,High
51,74.61705874880914,1.7353187775228323,43.83550017751286,True,Sialkot,business_owner,Low
54,92.48132421640187,1.8528351014503035,19.914982684882588,False,Lahore,government_job,High
36,97.67578321054596,1.6861066310921606,7.73752138929869,False,Faisalabad,private_job,Low
40,99.92566162171525,1.8355214492460723,36.2323538436507,False,Larkana,private_job,High
52,73.69539985925601,1.7732423279324145,31.6168448677864,True,Bahawalpur,unemployed,High
41,89.30902090129938,1.6955217773861435,27.75655538118329,False,Rawalpindi,business_owner,High
51,75.86247956720622,1.9,7.419565577403011,False,Quetta,freelancer,High
47,77.25878317910787,1.7197568391963023,23.02367264329644,False,Karachi,business_owner,Low
59,79.69276867338888,1.8329091644658173,46.34337953279148,False,Hyderabad,government_job,Low
23,76.48539037810191,1.5616658820373635,1.0279474279977507,True,Bahawalpur,student,High
26,62.193950152607144,1.798891272645022,47.88746793628518,False,Faisalabad,private_job,Medium
26,120.0,1.689044051284694,18.503330742664662,False,Faisalabad,private_job,Low
50,50.07255166979335,1.709992779834546,34.49056780093173,False,Rawalpindi,unemployed,Low
74,94.69420014161281,1.805414097027601,3.03442498640206,False,Lahore,retired,Low
53,108.09576013315072,1.6625685397168612,19.035413793997222,True,Sialkot,government_job,Medium
53,71.13984665186531,1.842364493181131,49.73225116449169,False,Sargodha,unemployed,Low
46,86.4701535097667,1.5888811094056972,48.33977812259519,True,Bahawalpur,government_job,High
65,80.33608742784081,1.6615727708902939,3.9563455378659365,True,Sialkot,retired,Medium
31,107.66731061857342,1.689503094520124,33.56964456263269,True,Sargodha,private_job,High
69,92.1812022189028,1.6307107351078123,3.716415418175341,False,Quetta,retired,High
19,81.54245015003093,1.8382609678436597,1.9431678171672642,False,Karachi,student,Low
62,59.23236875706257,1.6650109108911355,3.4205176420164456,False,Faisalabad,retired,Medium
68,50.0,1.8537002289145745,3.717576541099554,False,Lahore,retired,Low
36,83.71643269935775,1.7899219314096564,35.37163504055674,False,Bahawalpur,business_owner,Medium
51,96.68905159302115,1.7498264698505326,23.256780954786677,True,Sargodha,unemployed,Medium
74,50.0,1.7549199195796477,2.2614731380209525,False,Lahore,retired,High
45,81.91774277666919,1.73593229362433,18.423707212003208,False,Bahawalpur,private_job,Low
53,100.23457580624125,1.8540017076909898,43.637151749916086,False,Faisalabad,government_job,High
36,88.55174641282488,1.769103113844597,27.432414372533895,True,Faisalabad,business_owner,Medium
66,112.68121179558538,1.5,1.1957103434364598,False,Rawalpindi,retired,High
24,76.1447910199703,1.9,3.340160246688091,False,Hyderabad,student,Medium
35,93.2140913721135,1.6770802677106444,23.063726773747312,True,Sargodha,private_job,Medium
65,97.8303503987137,1.5,0.6391401729276543,True,Sargodha,retired,High
34,73.3960170773084,1.6884481187577223,24.569133608388167,True,Peshawar,freelancer,Medium
74,120.0,1.8837602136770173,3.9279174123073504,False,Larkana,retired,Medium
44,53.18837817867002,1.5,42.15603223599863,True,Sialkot,private_job,Medium
28,66.25012961469706,1.7065305825474855,43.63753436631342,True,Hyderabad,private_job,Low
20,120.0,1.6640302297225449,3.8644162227267045,True,Bahawalpur,student,Low
32,76.17174383476652,1.733007741297334,17.99994388595303,True,Sargodha,private_job,Low
52,71.50156663337884,1.5,32.43769522438973,False,Larkana,unemployed,High
20,95.63996624174037,1.8145187161223848,1.1162162749379576,False,Rawalpindi,student,Low
48,86.73747609255776,1.5374655647479765,48.3664591561856,True,Hyderabad,business_owner,High
49,62.02293496279192,1.8199338876899567,42.6856405720129,True,Karachi,freelancer,High
62,97.1692961089207,1.6264000739921876,1.5570681018616954,False,Bahawalpur,retired,High
25,120.0,1.7901633359385911,25.923436705031502,False,Peshawar,government_job,Medium
23,98.97526494177666,1.77191279946028,2.3612147804513866,False,Faisalabad,student,Low
32,55.61251178025122,1.551505969935578,9.79503565665745,False,Quetta,unemployed,High
24,80.90900787443883,1.9,1.76932562053382,True,Larkana,student,High
72,88.20939019647922,1.8848150032098092,1.4905036556186322,True,Faisalabad,retired,Low
19,64.72216682845905,1.8005554319190875,0.9566686253101826,True,Karachi,student,Medium
19,85.32577944166907,1.702935508897799,2.218218319792557,False,Multan,student,High
29,70.9531510728568,1.6640057512253772,23.899813428020895,False,Rawalpindi,freelancer,High
37,120.0,1.6934530700861754,41.028768362047465,True,Lahore,business_owner,Medium
19,96.89013207305497,1.6582319691865028,2.680550229411047,True,Quetta,student,High
34,91.82097644352056,1.5936365629670324,19.57583577298187,False,Larkana,unemployed,Medium
18,107.36456478593081,1.5523030261874418,2.839195443625565,False,Quetta,student,Medium
70,112.83860093400929,1.6080100898157084,1.0733077256272243,False,Bahawalpur,retired,High
69,58.55551320012006,1.5342938764653495,2.5636426085288337,True,Bahawalpur,retired,High
71,77.62028345051918,1.660902564239477,2.0852206736035424,False,Larkana,retired,Medium
42,80.03456810076273,1.7241421568164719,17.043695113570486,False,Karachi,private_job,Medium
31,103.24927396460517,1.8011079114498627,40.11873235205146,False,Sialkot,unemployed,High
18,120.0,1.6064423304328597,2.0807202692327396,False,Multan,student,Low
21,71.9379835292778,1.7135678466420592,0.6153124522625055,True,Faisalabad,student,Low
24,67.82571781408079,1.7289101189134164,1.8527254760222482,True,Quetta,student,High
57,77.2665574532641,1.8812652027521746,7.671414689812601,True,Sargodha,government_job,Low
47,83.42516916314526,1.690255455422924,31.620728780522242,False,Rawalpindi,government_job,Medium
49,106.50063065930634,1.747405136193132,39.75960998318834,True,Larkana,business_owner,Low
24,69.65812605737945,1.754264065102925,3.13295279994945,False,Multan,student,Medium
44,95.03154170512852,1.5,13.884471815684769,False,Karachi,freelancer,Low
32,50.0,1.6910802784120984,20.67213358067187,False,Bahawalpur,freelancer,High
61,67.74236546916876,1.5,3.76690045134112,False,Faisalabad,retired,Medium
56,65.34557863113935,1.7661476030570487,22.867141038387366,False,Sialkot,private_job,High
72,73.35039586022631,1.5385960296137602,0.8424937796364695,True,Rawalpindi,retired,Low
38,85.19491474085046,1.7741907900446268,29.35307291407785,True,Rawalpindi,private_job,Medium
62,54.55286444484949,1.5,2.677916079737075,False,Peshawar,retired,Medium
20,71.5060464670655,1.6727505463148893,0.6027995790057337,True,Sialkot,student,Medium
24,50.0,1.6544626288380853,3.7291503663209227,False,Karachi,student,Low
71,78.20570285953069,1.7916412119809884,1.774048265939347,False,Karachi,retired,Medium
25,80.26126797207483,1.7147986613477062,7.106427708089224,True,Larkana,unemployed,Medium
42,98.70754294405008,1.5954661872746723,12.629104859365794,False,Quetta,government_job,High
24,53.02330725378914,1.7129711337858433,2.932435327620296,False,Larkana,student,Low
28,78.28020909051514,1.894868983774,44.57879256612164,False,Rawalpindi,unemployed,Low
25,50.0,1.6910886207676648,15.480437508097262,False,Karachi,business_owner,High
34,70.56945874002749,1.6659190404978148,30.687464344385802,True,Karachi,government_job,High
51,67.3333610704035,1.7959557570763907,22.725870238270183,True,Multan,freelancer,Low
29,107.36070577378291,1.88936662353599,42.934892088943535,False,Bahawalpur,unemployed,Low
36,85.42023046668902,1.8399875720671517,26.56375900427218,False,Quetta,private_job,High
28,113.45623323193891,1.6205205990632094,28.806716772231212,True,Sialkot,freelancer,High
33,97.76160387003432,1.6786648470551655,26.64723681879698,True,Karachi,private_job,Medium
43,88.71628677449668,1.7110324495249034,48.61108008407851,True,Peshawar,government_job,High
60,84.57451604612542,1.5755586895195068,46.77439936550351,False,Bahawalpur,business_owner,Low
46,112.55866230154837,1.613969663053888,46.17631435184246,False,Larkana,business_owner,High
44,50.0,1.7965035246931231,5.151131491737334,False,Larkana,private_job,High
46,113.21842296147499,1.6881054456831512,27.921893389006645,False,Hyderabad,unemployed,Medium
72,120.0,1.5408734490698417,3.3304419511691257,True,Rawalpindi,retired,Low
58,93.70634967311956,1.6813364177086165,32.34952479287109,True,Larkana,freelancer,Medium
72,89.81511821241713,1.6598583325470573,2.938229107110304,False,Rawalpindi,retired,Medium
28,57.91388164078545,1.6392957559903767,41.125084806364264,False,Faisalabad,government_job,Medium
32,110.20720526701712,1.7218549736951332,18.11648001691032,True,Rawalpindi,government_job,Low
20,120.0,1.9,3.3525183127684812,False,Larkana,student,Medium
35,57.309575329605124,1.556330445031143,26.60198839462491,False,Sargodha,private_job,High
46,75.40941550115969,1.9,27.124923072982654,True,Multan,freelancer,Low
29,107.04220546394473,1.6094664196578046,19.7294283354857,True,Sargodha,government_job,Low
19,92.70748922705897,1.9,2.032492763677957,True,Quetta,student,Medium
63,94.07038214470872,1.7005774676874137,2.8858576636465223,False,Sialkot,retired,High
65,67.89394770616212,1.7283637768221363,3.243923834391274,False,Bahawalpur,retired,Low
54,63.56853615775263,1.5,17.028067131105324,True,Karachi,unemployed,Medium
49,52.58529155537515,1.5252604472935472,11.835624730588325,True,Faisalabad,private_job,Low
27,77.28998978073132,1.8756141739623082,20.48803858388904,True,Sialkot,government_job,High
51,87.46504550595412,1.6887262706589223,42.58898229463439,True,Sargodha,government_job,Low
21,63.64070720554081,1.5876849555454746,1.3109103666780955,True,Sargodha,student,Low
48,51.42251720897542,1.5,41.85374187216141,False,Rawalpindi,government_job,High
27,102.94063510931328,1.7632117138418875,29.2774959519116,True,Rawalpindi,private_job,Medium
29,89.49259102275104,1.6079262192219785,20.859964543702073,False,Bahawalpur,business_owner,Medium
25,58.14677455993598,1.553880893189626,26.565189328005648,True,Rawalpindi,private_job,Low
33,75.25898245497629,1.5,14.139363527091295,True,Karachi,business_owner,Medium
70,85.41278794945185,1.5421768120636798,1.366226745112928,True,Bahawalpur,retired,High
50,75.03872732082203,1.6240514956273495,30.79289376329029,False,Lahore,freelancer,Medium
53,113.10244669296057,1.8113473007218321,32.28019122126531,False,Faisalabad,private_job,High
62,108.75586579349789,1.749958959609632,3.21626848177644,True,Peshawar,retired,Low
44,77.80377699956466,1.9,21.819569195998003,False,Bahawalpur,government_job,Low
65,120.0,1.5114993745567915,0.7440131041787985,True,Karachi,retired,High
48,73.95250776673849,1.7698794698570308,5.6054465290457856,True,Faisalabad,government_job,Medium
48,61.0160825377975,1.7162981625008025,45.445960469129204,False,Karachi,government_job,Low
56,84.45394658471066,1.7132833451492533,27.78545674461857,False,Peshawar,unemployed,Medium
56,77.48590504566191,1.8098604717350741,12.517063651208383,True,Larkana,government_job,High
55,62.65909314461339,1.628632665197793,18.714910249279825,False,Sialkot,freelancer,Medium
45,61.1047791523346,1.6887905945115158,29.076516387420547,False,Rawalpindi,government_job,Medium
61,96.66581991884456,1.5265117004442548,3.299387977991016,True,Quetta,retired,Medium
64,95.25435026970457,1.8069353346237107,1.7456440043843546,True,Peshawar,retired,Low
62,79.31554407678288,1.7504476968744658,3.9535456601844774,True,Rawalpindi,retired,High
69,72.09055057106613,1.8100606949962157,3.9833322575346446,True,Peshawar,retired,Low
28,75.06132710921813,1.747254059757924,9.876118374049382,False,Hyderabad,freelancer,Low
45,77.36609138478165,1.9,40.51866897845235,True,Quetta,freelancer,Low
73,56.6347350864219,1.7557757448100708,1.4579420378878731,True,Sargodha,retired,High
42,86.33328344249139,1.7086805698971625,38.7628857720292,False,Rawalpindi,government_job,Medium
43,60.102115184731346,1.711523304714546,17.17350560183297,True,Peshawar,private_job,Low
43,81.12054142399556,1.7876832120028368,27.209687327436388,False,Sialkot,private_job,High
61,83.63784706235396,1.9,0.8292716429573361,True,Karachi,retired,Low
26,66.54557042670749,1.523095919814685,45.806715122120245,False,Bahawalpur,government_job,Low
40,73.03416152713136,1.5,44.76551101644608,True,Sargodha,freelancer,Low
42,97.97394487461666,1.674953916493565,34.83089705490037,True,Sargodha,government_job,High
43,111.73708127480757,1.801815918993311,17.710502714130783,True,Faisalabad,unemployed,Low
40,102.4494145671651,1.5659220182061009,48.391736068151694,True,Rawalpindi,government_job,High
47,65.23644889023015,1.7521761874758695,8.980056643427204,False,Peshawar,unemployed,Medium
25,105.84870433244114,1.7529247279941405,29.18638305537166,False,Quetta,unemployed,Medium
43,78.56948578942726,1.638113021050011,35.78583396158202,False,Hyderabad,government_job,Low
42,79.33090774255939,1.6733085949771063,25.664692982034698,False,Peshawar,freelancer,Low
60,67.66126667015774,1.5,49.9660273588556,True,Sargodha,business_owner,Low
45,103.15373948580837,1.605099144954233,19.6672343722474,False,Larkana,private_job,Low
35,72.43550372175451,1.8542791573947808,39.693896802460884,False,Sialkot,private_job,Medium
56,69.4205219306991,1.5079162990345656,31.82912309045326,True,Rawalpindi,government_job,Medium
34,56.61000785930679,1.634831530022568,7.693755219920202,False,Multan,private_job,Medium
36,100.74663804811934,1.6181110928262836,41.15803094748503,True,Karachi,freelancer,Low
57,65.93108211630806,1.7934966039064346,39.783106768823544,False,Multan,private_job,Medium
37,115.03405714311612,1.5284598082625296,45.603876314696706,True,Lahore,business_owner,Low
36,78.34475437633236,1.7230513108657743,37.23162082162048,True,Hyderabad,freelancer,Low
43,107.33957927717691,1.619805350092738,40.987677975473076,False,Multan,private_job,High
36,66.02314829110176,1.5672798449204026,37.312584730877916,False,Bahawalpur,freelancer,High
39,76.15541670652591,1.7087204491440942,28.955988291869605,False,Hyderabad,unemployed,High
51,97.66899044429763,1.6639347712272297,34.619148900100306,True,Hyderabad,freelancer,Low
42,100.2311604059301,1.6031592749164254,49.126263989928454,False,Multan,private_job,Medium
42,89.74957484618366,1.6488502409812358,17.239052263844734,False,Quetta,freelancer,Medium
40,104.2057733880764,1.9,5.516592637614571,True,Hyderabad,government_job,High
56,86.7129404906946,1.9,10.818837508561817,False,Quetta,government_job,High
27,120.0,1.8395362032176867,26.091942759662164,False,Larkana,private_job,Medium
46,101.42870635341362,1.7342054000479228,25.554042411911205,False,Larkana,unemployed,High
66,101.96854271969391,1.7374966695025498,2.938092951804232,False,Sargodha,retired,Low
59,87.81732985157446,1.7254484335803149,44.46457399595376,False,Hyderabad,business_owner,Medium
36,68.53661084825379,1.7637469649281152,31.56992925800068,True,Sargodha,private_job,High
36,109.18079254344846,1.6359541205239323,42.160098172538994,False,Bahawalpur,unemployed,Medium
60,90.49451708968334,1.6024333614313062,28.11894814577629,False,Quetta,unemployed,Low
65,97.0878871552749,1.9,1.8934071188866177,True,Hyderabad,retired,High
46,102.78873388870697,1.5598584838620122,13.91208530171935,False,Peshawar,unemployed,High
62,84.15859674665609,1.7982419232201543,1.789837643264391,True,Larkana,retired,Low
53,70.49738201160638,1.8491779014916445,18.853768641791284,False,Quetta,private_job,Low
45,91.74643612400784,1.7327627351355204,14.357993793662152,False,Sargodha,private_job,High
49,68.46915843954595,1.7634095735769009,22.5761899603519,True,Lahore,government_job,High
63,61.29971896382541,1.8773714361865133,1.8311668550802238,False,Sargodha,retired,Medium
61,81.2059214518191,1.5390928526579013,3.0062096295054817,True,Bahawalpur,retired,Medium
40,73.65801905239705,1.703131569190003,48.76860190976129,False,Karachi,government_job,High
74,101.51737205306881,1.8291068801328143,2.880950909975704,False,Rawalpindi,retired,Medium
38,50.0,1.5,6.9108168997356945,False,Sargodha,government_job,Low
43,78.9058192251113,1.5978664215179192,43.23013569809353,False,Multan,government_job,High
49,84.08252448700748,1.882831780743258,46.928145814774034,False,Multan,government_job,Medium
54,57.190824198185,1.6884305497074057,12.266769877648912,True,Lahore,business_owner,Low
54,86.52990996191205,1.7381904638976842,5.803584275053984,False,Faisalabad,freelancer,Low
46,85.8961328995006,1.6147639968681669,38.46624545679522,False,Hyderabad,private_job,Low
61,76.1419081274178,1.5053582664683927,3.6809047006894007,False,Hyderabad,retired,Medium
24,80.9179616500865,1.6997337538172903,2.077232074198977,True,Quetta,student,Medium
37,94.10780172190066,1.8397984211288094,37.927656883075265,False,Sialkot,private_job,Medium
18,55.34960410119752,1.6415127928564817,2.5597456339301004,False,Faisalabad,student,High
72,108.5368352467168,1.7720203298906632,2.8361658030876757,True,Quetta,retired,Medium
29,105.77419419724647,1.6938007536406623,35.74562102080414,False,Lahore,business_owner,Medium
35,69.99210852431982,1.6531844948093264,7.609025757343644,False,Rawalpindi,private_job,Medium
74,95.3101975957777,1.639923243735815,2.717943644461799,True,Bahawalpur,retired,Low
34,70.76083156731532,1.7704845135506841,42.56855109010357,True,Multan,unemployed,Low
43,60.715463476577,1.7126743981996075,46.76285951494211,False,Sialkot,unemployed,Medium
56,68.5158210949511,1.706688742662043,44.91685934914565,True,Rawalpindi,business_owner,Medium
35,50.0,1.8212110834803579,10.223655222170525,True,Faisalabad,unemployed,High
50,68.61872071610091,1.5034154856348205,19.184528939233743,False,Sargodha,government_job,High
25,92.98721265609294,1.7795499393936725,15.094971503468622,False,Sargodha,unemployed,High
48,89.7896627920562,1.882266728321531,27.47977800465096,False,Faisalabad,private_job,Medium
60,85.29588069315945,1.7401287333349547,24.12839944959416,False,Peshawar,freelancer,Low
64,50.0,1.5574856959683616,0.9704195711224755,True,Karachi,retired,Medium
44,61.4002690886632,1.6747671514529114,34.3136412813123,True,Karachi,private_job,Medium
49,93.12632792815317,1.6664202023496053,36.869600428619464,True,Karachi,government_job,High
32,54.443179324081406,1.5019245271386437,41.075326668596645,False,Lahore,unemployed,Medium
27,61.05835758810389,1.7226191588781161,38.3104344873132,False,Bahawalpur,government_job,Medium
58,81.11064314304362,1.6147403663742035,38.313091802680404,False,Bahawalpur,freelancer,High
58,87.87995360185683,1.6813583386074085,46.654638340381766,True,Quetta,private_job,Medium
33,70.03039565612373,1.747395370805214,29.202056592418515,False,Faisalabad,business_owner,Medium
35,50.0,1.7256941648782917,10.272459444825351,True,Karachi,freelancer,Low
54,98.89094148609315,1.8302651050004983,10.552822985427243,True,Lahore,private_job,High
49,95.47705251623717,1.7740776369620286,6.468760991389388,False,Sargodha,business_owner,Medium
68,64.15021545154106,1.7689616130882257,2.214786664310508,False,Faisalabad,retired,Low
62,83.01185751611817,1.5473902061468905,1.2635964212195048,False,Sargodha,retired,Low
75,120.0,1.8501727728223722,1.6914148039930434,True,Peshawar,retired,Low
60,66.8743207580839,1.8619878786561448,39.274659947065324,False,Larkana,government_job,High
73,80.09233536318357,1.628941445491444,2.0449630446918734,True,Faisalabad,retired,Low
67,88.36241080377687,1.6670460146057169,0.5988267620820329,True,Lahore,retired,Medium
57,117.76368470142766,1.681386751135731,5.755026485800353,True,Sialkot,government_job,High
44,75.45173757138109,1.7771198918531463,32.75759797227183,True,Sialkot,private_job,Medium
62,55.59508685872315,1.7871017208440714,1.1097029645885739,False,Rawalpindi,retired,High
39,75.64231905417518,1.9,33.62487892302185,False,Rawalpindi,business_owner,Medium
55,93.33397556717759,1.670218250076886,25.10641466619146,False,Rawalpindi,private_job,High
18,99.70713079162519,1.6285913235034706,2.358023854581079,False,Lahore,student,High
71,50.0,1.8686257099334702,3.5125833917215177,False,Multan,retired,Low
55,61.74579231311963,1.8150618875344104,42.402116596267064,False,Sialkot,freelancer,Low
68,93.53302245075685,1.7433744526527801,2.2781777049792376,False,Sialkot,retired,Medium
51,89.12744092383083,1.6332974102503903,22.334248699563897,True,Larkana,unemployed,Low
43,77.74052509404963,1.6191028487746222,21.716472390703352,True,Sialkot,private_job,Medium
72,80.2209199926471,1.7581587115095956,3.954783206795999,False,Rawalpindi,retired,High
56,100.8523200480008,1.7247350811321125,9.064837826873399,False,Karachi,government_job,Medium
64,119.38642404344549,1.6626761975536288,1.3189858257906322,True,Larkana,retired,High
47,110.33301419111764,1.752492486781076,23.247658879589913,False,Quetta,unemployed,Low
61,58.17041046121089,1.64412057231644,2.581992112780625,True,Karachi,retired,Low
47,50.0,1.7435668773782114,31.828119578688952,True,Sargodha,government_job,High
57,86.16088659492506,1.6883448683953315,21.396789554658557,True,Karachi,business_owner,Medium
68,72.85558193512047,1.8246085322391175,2.230994921872017,False,Karachi,retired,Medium
65,91.54558122123763,1.8437355372785964,0.6526456966928789,True,Multan,retired,Low
63,92.2075512939411,1.8005476114224728,0.9050554368467514,False,Sargodha,retired,Medium
22,96.95487760430998,1.5350407929524101,3.3753759255340787,True,Sargodha,student,Medium
34,83.85130507245074,1.8151923726676755,8.800671810140209,True,Multan,business_owner,Low
34,61.70014704499897,1.6539847327088442,33.098366880535494,True,Bahawalpur,business_owner,Medium
57,77.54632325550853,1.7515411410389454,8.545292177933106,True,Peshawar,government_job,Medium
58,91.28275090715375,1.577047216882057,32.51042446748956,True,Sialkot,business_owner,Low
38,98.75306915100242,1.8603095918667125,34.282111956426995,True,Larkana,freelancer,High
68,50.248576447941545,1.7739008519448494,0.7079100138224368,True,Multan,retired,High
55,55.06853708208568,1.7946816629521296,29.300197270691235,False,Karachi,business_owner,Low
65,50.0,1.5861240165234625,2.4250354967747008,False,Lahore,retired,High
65,88.60749993612806,1.7207116789172188,3.7671080270328137,True,Larkana,retired,Low
43,83.27839531472736,1.8629466996533548,9.85078607248719,True,Quetta,freelancer,High
20,65.1797721017222,1.6927158323028442,1.601515111864407,True,Lahore,student,High
18,51.27783236045829,1.69898713224301,1.8523190525663176,True,Sialkot,student,High
20,94.68540026985261,1.5,1.7636456342589653,False,Sargodha,student,Low
35,69.64194711087781,1.6299815645198006,29.13751802029181,False,Multan,private_job,Medium
63,84.23082389773904,1.692472268078924,1.6204858026898594,True,Rawalpindi,retired,Medium
59,85.05218342757402,1.8579156305782643,6.307508049319084,True,Peshawar,government_job,Low
68,82.09162166621628,1.5128195370378874,0.8829251603993492,True,Bahawalpur,retired,Medium
57,65.34558697605107,1.807534437009713,28.23586205177834,False,Quetta,government_job,High
58,68.28115263185401,1.7074099995872705,44.36001856337182,False,Quetta,business_owner,Medium
19,71.40074943715729,1.6170019580044435,3.122520904187378,False,Peshawar,student,High
38,100.37134122013393,1.5879434213953407,29.35398844287029,True,Hyderabad,private_job,Medium
53,84.0450044943857,1.6472320055118383,40.68873607046452,True,Multan,government_job,High
32,117.04173936640981,1.8081523040090952,40.212038316193706,True,Hyderabad,freelancer,Low
52,113.16973225447515,1.7204256765088828,21.08347658383539,False,Faisalabad,government_job,Medium
20,50.0,1.68989874436434,2.7556015788587,True,Peshawar,student,Medium
36,61.03100324380041,1.7600721483117145,44.03187290110012,True,Multan,business_owner,Medium
37,90.70299094877109,1.5792956169882248,20.38848869753862,True,Sargodha,freelancer,Medium
56,88.16243937942384,1.725055170383157,27.11839743173019,False,Sialkot,government_job,High
21,56.59489204718736,1.7458678914294454,2.3436531384746333,True,Peshawar,student,Low
46,76.02856751262392,1.7454081047461574,13.2761536562893,True,Sialkot,private_job,Low
19,110.91711504843158,1.5838402451377849,1.028371038113033,False,Quetta,student,Medium
20,69.25588714787482,1.6298707075656018,2.9371304665424356,False,Rawalpindi,student,Medium
71,77.66198158911472,1.8284253553982297,3.661011446527945,True,Multan,retired,High
24,73.60027929837835,1.752786657323462,3.109136625781088,False,Sialkot,student,Low
60,94.49091244476297,1.8053168992782536,37.1332568969546,False,Sialkot,unemployed,Low
28,72.04680950417713,1.7715358670135304,40.86246092183272,False,Bahawalpur,private_job,Medium
64,51.75041342899597,1.5,1.2578143218915603,False,Faisalabad,retired,Low
31,66.1928323923226,1.849802395741088,49.49361600623476,False,Rawalpindi,private_job,Low
68,66.389881029062,1.9,2.3614997062890732,True,Peshawar,retired,Medium
55,108.77084360085335,1.8676090669624834,43.9736940616512,True,Faisalabad,freelancer,Low
42,93.50983703388859,1.7399581109456377,7.026155769676951,True,Sargodha,private_job,High
25,93.46444422039127,1.7971032253089256,22.98460392930402,True,Larkana,unemployed,Medium
30,65.21738930166893,1.63769161587326,22.096959388395412,False,Lahore,unemployed,Low
37,69.5356572586934,1.6787412806757185,26.08033150161129,False,Multan,private_job,High
20,50.0,1.5326239443779301,1.6855551126304422,True,Quetta,student,Medium
64,63.83234405812472,1.793356257116085,3.523266172195174,True,Larkana,retired,Medium
57,108.4451495774845,1.5913328555544903,6.088100963087658,True,Rawalpindi,private_job,High
74,103.00183320815339,1.7229018511822525,2.4673021254414222,True,Sialkot,retired,Low
56,50.0,1.6776324542224987,14.718959457384791,False,Hyderabad,government_job,Low
24,83.92063324919299,1.695283671513773,2.7739818097095457,False,Quetta,student,Low
29,120.0,1.601176067255115,42.771739751981386,False,Multan,private_job,High
48,120.0,1.7448764053659827,5.333753774629223,True,Hyderabad,government_job,High
71,50.0,1.6709824681029826,1.1479618997982128,False,Quetta,retired,Low
55,103.70524999026048,1.7750180764889794,18.7663684337052,True,Rawalpindi,unemployed,Low
24,62.00744731052736,1.5647080725427522,3.202428343522122,True,Hyderabad,student,Medium
65,87.12182688997372,1.7771033488763188,2.317893918644131,False,Multan,retired,High
73,105.41750432247657,1.7486267567625207,0.8066265378641062,False,Sialkot,retired,High
44,108.52241143203827,1.821945951258088,44.842285228523885,True,Bahawalpur,unemployed,High
64,84.51162461576678,1.6790632006099926,2.69267449322361,False,Bahawalpur,retired,Low
60,91.34766001375861,1.5477654418845728,38.54318480642494,False,Faisalabad,unemployed,High
53,92.36971261951479,1.7326553631488832,15.700446864766784,False,Lahore,freelancer,Medium
43,81.9767828601534,1.7357742457914127,40.076096923083156,False,Peshawar,freelancer,Low
70,97.83793636958663,1.7655517180475746,3.5433771304438295,False,Multan,retired,Medium
42,50.0,1.8088241382140933,13.022697523980517,True,Sargodha,business_owner,High
63,99.98486112482031,1.5763391487108436,2.264208382814729,True,Peshawar,retired,Medium
29,69.4237811038813,1.7260309343792404,36.61746404267917,False,Bahawalpur,unemployed,High
53,91.68995941186839,1.9,31.294219264288195,False,Faisalabad,government_job,Medium
20,71.22516292110059,1.7614346995949217,1.496959483478938,True,Larkana,student,Medium
40,50.0,1.9,24.239139299283437,True,Rawalpindi,unemployed,Medium
18,118.25168339057011,1.6767213499369684,3.7142433729304067,True,Lahore,student,Medium
47,104.50896720408537,1.8379771641968001,45.803826732604904,False,Quetta,business_owner,Low
29,58.01436768880101,1.5633651357887057,15.313967674262157,False,Karachi,unemployed,Low
19,112.83790305103835,1.6828559498452043,2.68372224124511,True,Hyderabad,student,Medium
43,120.0,1.8558696324502002,29.327379219560516,False,Rawalpindi,freelancer,High
34,66.66553090848723,1.553222252083154,40.14778386118002,False,Quetta,unemployed,Medium
24,120.0,1.554837270733657,3.2848402637620673,False,Larkana,student,Medium
65,92.86639025637264,1.6146008734925597,3.6446406688543944,False,Peshawar,retired,High
68,113.51053810027966,1.6461757474304872,3.3034556861362847,True,Quetta,retired,Medium
22,120.0,1.7939458394554124,1.6039371231862125,False,Larkana,student,Low
31,68.8482234054313,1.8581196101931976,39.79585152915094,True,Bahawalpur,freelancer,Low
23,75.15810371317767,1.7614983765670833,2.581069029074299,False,Faisalabad,student,Low
61,93.69154527760357,1.8574767851799925,2.4748433040652627,False,Rawalpindi,retired,Low
66,89.434393940429,1.85871566703197,3.6317322156133676,True,Rawalpindi,retired,High
56,108.69484557979371,1.6943677857337525,47.029576577985466,True,Multan,unemployed,Low
46,82.6752562963095,1.8332368112356738,42.55846985440504,True,Rawalpindi,freelancer,Low
42,71.83739786976896,1.5915761561449757,20.904319497928117,False,Karachi,business_owner,High
56,59.4530439669478,1.6603623700719394,8.31217192115866,True,Multan,government_job,Low
68,87.18745586127287,1.658805216868504,2.0196268891958624,False,Larkana,retired,High
73,79.38967891528539,1.728445551501348,2.6154003202383107,False,Faisalabad,retired,Low
64,104.67619815457428,1.753612664377675,1.2125646343517031,True,Rawalpindi,retired,Low
23,111.67881724622109,1.714574104510372,2.5925909007550634,True,Sialkot,student,Medium
35,116.43009839492123,1.8574518790303671,27.897218722457534,False,Sialkot,freelancer,Low
36,83.47728635263613,1.7929457979254966,16.5471303336029,True,Sialkot,unemployed,Low
51,86.48184735294093,1.6744699716431213,39.44641157106895,False,Larkana,business_owner,Medium
72,98.65943849275182,1.851031982348102,3.665320398217683,False,Sargodha,retired,Low
56,58.65377267223925,1.7479000647043754,10.817510359185732,False,Lahore,freelancer,Medium
25,90.15995550316917,1.627409436086041,39.03190584878783,False,Peshawar,government_job,High
30,65.39134448995858,1.643920845564702,13.461576261593423,False,Sargodha,business_owner,Medium
55,67.77779376695116,1.8311998388860542,33.53869914043037,True,Sialkot,government_job,Medium
32,84.3498379798175,1.8113423277025926,33.801694277970924,True,Karachi,private_job,High
68,57.08403698014789,1.6471533497461734,1.1074296432599078,False,Hyderabad,retired,Medium
69,94.04994194227571,1.5,2.9048224130609714,True,Karachi,retired,Medium
70,76.52873002897516,1.5547753830962074,3.572917750324563,False,Quetta,retired,Low
75,99.45242151485424,1.5,0.5099686761203084,False,Larkana,retired,Medium
72,61.595691749381245,1.8224201723023237,2.2567391113108997,False,Peshawar,retired,Low
32,53.699141236981745,1.6646707311369597,19.55236146850329,False,Quetta,government_job,High
56,55.15577800660931,1.6687438788718876,17.369902003216165,False,Sargodha,freelancer,Medium
47,104.26966198955745,1.78012650553839,17.777221808762263,False,Larkana,freelancer,Low
38,52.13697372142476,1.7236889030654385,33.23351884611847,False,Faisalabad,unemployed,Medium
71,70.51351147547457,1.7484973510333894,3.753928300852047,True,Hyderabad,retired,Medium
69,89.30545708298028,1.5846439640799277,2.426848553810208,True,Larkana,retired,High
26,70.49888714232921,1.7635285033152261,15.455989093377639,True,Lahore,unemployed,Low
30,75.40516142522281,1.763955428126236,29.771142756547757,False,Peshawar,government_job,High
42,77.4251715439921,1.9,39.10332868545274,False,Sargodha,business_owner,High
48,50.0,1.7185975608490376,23.919607554846742,False,Rawalpindi,business_owner,High
72,87.42771873708632,1.7140712113594598,2.4492032421005723,False,Faisalabad,retired,High
53,81.2062349581306,1.7744780524855681,31.364811462238254,False,Sialkot,unemployed,Medium
63,54.93851710356709,1.7230547680704797,1.2060589334967013,False,Larkana,retired,Medium
46,50.0,1.573047784944928,29.982312729394952,False,Sialkot,government_job,High
52,94.53655911924685,1.6971867481922605,44.26556966848105,False,Multan,government_job,Medium
27,117.1028835408969,1.7451062118372247,37.262655734477434,True,Multan,freelancer,Low
58,77.71299166630571,1.8905798797919071,10.762327625656749,False,Lahore,unemployed,Medium
46,101.11891306675435,1.7753819747891921,14.71565579503063,False,Faisalabad,business_owner,High
66,92.86077582833742,1.6461191745392474,1.6397983914263263,True,Quetta,retired,Medium
18,76.50549119103309,1.8307418830822098,0.7978061192866872,True,Sargodha,student,High
18,88.11601461756729,1.76445760315116,1.0967976670051975,False,Lahore,student,Medium
38,106.50731267127605,1.6700367617740683,28.69004577420006,True,Karachi,business_owner,Low
66,63.1677719088796,1.6325269726223375,2.926816353058733,False,Hyderabad,retired,Low
33,68.60512157000451,1.7059287704221817,21.78887824721398,False,Lahore,government_job,High
40,100.15324069936571,1.7043519877152868,21.1748491477281,False,Multan,private_job,Medium
75,81.00415687072746,1.7793579980409138,2.6053883087333434,True,Hyderabad,retired,High
57,81.63801032134386,1.563577607492439,7.082003924590827,False,Larkana,government_job,Low
29,76.82902447513662,1.8281401626334035,14.013123532149098,True,Peshawar,freelancer,Low
47,84.87689562031098,1.5,49.221791855411766,False,Multan,freelancer,Low
51,89.04561953623673,1.6195737646046098,16.825221384864307,False,Bahawalpur,freelancer,Low
32,75.49845029732828,1.8049622794731688,40.7895609695528,False,Peshawar,unemployed,Medium
73,88.85828183100112,1.7214140081394742,3.5559247047227833,False,Larkana,retired,Medium
41,83.8615543970716,1.7609927220147836,30.29992893558045,True,Larkana,freelancer,High
49,51.47072234303877,1.854999191149482,14.927397413178522,False,Faisalabad,unemployed,Medium
70,55.0809152414967,1.568305721536207,1.887391809465041,False,Karachi,retired,Medium
42,81.89068128436003,1.6462052693654639,9.70821749381674,True,Larkana,business_owner,Medium
44,120.0,1.6301292346552538,16.176672554480067,False,Larkana,business_owner,Medium
41,69.44838652285186,1.7795899728725921,12.570689524016936,False,Multan,freelancer,Medium
55,120.0,1.642768349848132,22.78336448974425,True,Bahawalpur,freelancer,Medium
21,111.20617191757394,1.7159506710941013,3.612729296461446,True,Sargodha,student,High
18,92.67363575727818,1.842932139230439,1.7486180737693804,True,Karachi,student,Low
69,115.70687365044327,1.61178764791492,0.6804136426219236,True,Faisalabad,retired,Medium
29,75.47332908846313,1.559055739014655,31.26646197146428,True,Faisalabad,business_owner,Medium
24,69.27955312072248,1.6716345512431292,2.641240425894227,False,Karachi,student,Low
42,83.73817444235114,1.8535901647962003,5.039350687867751,False,Hyderabad,government_job,High
32,61.73172333140535,1.5808602318255245,42.62408052337911,True,Peshawar,private_job,Low
49,112.39679464260506,1.632713470882679,41.97553075889681,True,Lahore,government_job,High
39,95.6399366516422,1.5373430411681153,33.18036993266926,False,Sargodha,government_job,High
30,98.68268445614194,1.6963066571848007,41.77367355895808,False,Quetta,government_job,Low
24,70.3463181895806,1.6145535600305607,1.0587888322424144,False,Sargodha,student,High
25,67.2244924223564,1.7678367012446927,26.007976084327655,False,Sialkot,freelancer,High
24,50.0,1.8794150554913605,3.7562644536850986,False,Quetta,student,High
23,118.39549915935721,1.7684961622543027,2.497994042993149,False,Sialkot,student,Low
49,81.0234174321827,1.7903199409182777,14.932047043649684,False,Karachi,freelancer,Medium
36,100.25412906194703,1.6707740704851919,36.0189680155392,False,Sialkot,unemployed,Low
62,71.24430811111608,1.7873387720509917,0.5405976008983571,True,Lahore,retired,Medium
47,100.43887305202335,1.8166721116224926,13.674779872780805,True,Bahawalpur,unemployed,High
42,81.37160520071373,1.8238707202022972,9.266857481359002,False,Larkana,business_owner,Low
73,69.59583340770567,1.6807904617831761,1.3411553954145647,True,Faisalabad,retired,High
58,50.0,1.752107664368422,12.358949624231371,True,Faisalabad,business_owner,High
68,84.9617616592536,1.5317589618482539,1.9563497742522422,False,Lahore,retired,Low
57,81.33281319654643,1.637692564182957,10.433245806897531,False,Quetta,private_job,Low
45,78.766424256016,1.6738704303816498,39.04206455274507,True,Lahore,government_job,High
58,116.6601410616293,1.7364139899066373,19.190442847647947,False,Karachi,unemployed,High
27,94.22123779859767,1.8967522129981225,6.623284421833142,True,Lahore,freelancer,Medium
25,99.7806231562009,1.654266493164118,49.660455453208435,True,Multan,unemployed,High
43,90.99678217139068,1.6417361675114177,25.804859269479234,True,Faisalabad,business_owner,Low
32,96.49954615558254,1.7535368540068672,6.645598619537005,True,Multan,unemployed,Low
48,108.4361891783063,1.9,44.729809562416335,False,Lahore,freelancer,Low
62,82.60633696433108,1.6163796373369144,2.758106952173223,False,Larkana,retired,High
74,102.12930673411086,1.6874269021425106,3.2082594627279994,False,Peshawar,retired,High
37,63.40692156928036,1.7042328466763486,15.444343726188547,True,Multan,business_owner,Low
24,68.85916058057403,1.6374182804999726,1.215518489772497,True,Sargodha,student,High
32,51.426118097102034,1.7975220295265224,9.990548803986357,True,Hyderabad,unemployed,Low
41,115.34748120284746,1.633526491116918,15.799622628131376,True,Faisalabad,unemployed,Low
66,120.0,1.5,3.2073813330452916,False,Bahawalpur,retired,Low
20,87.03830703565637,1.591516536859477,0.5971753349597781,False,Larkana,student,Low
42,73.21257146198357,1.675892399550484,29.810773799209343,True,Hyderabad,freelancer,Medium
67,90.1428646120357,1.5523418131548783,0.7572428941338192,True,Peshawar,retired,High
51,68.36479571036047,1.736313105431884,10.03152451761118,False,Peshawar,government_job,Medium
43,68.95612722742653,1.5305817674590043,38.02568053779782,False,Rawalpindi,business_owner,High
31,53.26639646953528,1.7922964423024115,7.717999210201474,True,Peshawar,unemployed,High
23,88.4771819731563,1.8867023127860099,3.888647397831899,True,Peshawar,student,High
68,116.38186164830904,1.6584142834406177,3.8218894714966525,True,Sargodha,retired,Low
29,83.71191016145877,1.6509825165568586,47.85725916252353,False,Faisalabad,unemployed,High
43,90.65033555789,1.8211626486535615,9.494192640649587,False,Lahore,government_job,High
54,62.64132375203067,1.570005366411226,32.49561825021881,True,Rawalpindi,business_owner,High
67,82.76401973254856,1.7938530583142915,3.687501747770654,False,Lahore,retired,Low
68,73.72849240627896,1.5344793581964222,3.823023769237426,False,Multan,retired,High
47,88.40527328518915,1.750831535697901,47.370619370123585,True,Larkana,government_job,High
42,57.468068207214415,1.654042578470469,45.587590274477606,False,Multan,private_job,Medium
25,90.2783326195249,1.510484879556373,10.513386835657581,True,Rawalpindi,business_owner,Medium
70,72.17267631746567,1.9,1.9898148314097106,True,Larkana,retired,Medium
52,66.74323682695248,1.7903675880028562,48.625051026689306,False,Quetta,government_job,High
45,50.0,1.6151845599810688,30.249891813826757,True,Sialkot,unemployed,High
36,50.0,1.6341309242167381,36.6655819424807,False,Rawalpindi,business_owner,High
32,114.57858362742269,1.8830767968571454,46.062460848037745,True,Rawalpindi,unemployed,Low
40,55.67516486047305,1.6553623353234694,44.68032997799589,False,Karachi,unemployed,Low
72,99.79560378342913,1.8968344329001814,2.9767169560261024,True,Karachi,retired,Low
42,120.0,1.6732917563011367,30.825739847534617,False,Faisalabad,private_job,Low
50,96.03610848792253,1.5352943830393728,28.798735110699358,False,Lahore,freelancer,Low
66,52.58525106122187,1.7100798942641922,3.471985281577969,True,Sargodha,retired,High
50,114.78229800706427,1.6263415986611718,9.163262932263901,False,Faisalabad,unemployed,Low
49,92.41031442236964,1.6850105595892109,30.242881543467373,True,Bahawalpur,freelancer,Low
73,70.53200348319406,1.5796289040641365,3.0665050607101763,False,Sargodha,retired,Low
21,120.0,1.5,1.9363425402257062,False,Larkana,student,Medium
39,59.4072567407471,1.6720531303860753,45.09442282958674,False,Sialkot,unemployed,Medium
67,87.67614222795368,1.5897192499832473,1.4735914931777405,True,Sargodha,retired,Medium
70,63.57036776334304,1.5891769429454152,1.2011471473238942,False,Karachi,retired,High
35,95.75492667249351,1.7532500671528055,18.706252045864293,True,Peshawar,government_job,High
53,120.0,1.7572703874575948,14.999870236842165,True,Hyderabad,business_owner,Low
72,84.16481553798546,1.6322104832941926,3.885567695151065,True,Larkana,retired,Medium
55,91.86853359725687,1.6697049462178568,39.887765408559474,False,Rawalpindi,business_owner,High
44,93.86433767309606,1.5978111688104137,7.423681764861292,True,Larkana,unemployed,High
59,77.60139902427306,1.5477621357527398,5.658008504458212,True,Faisalabad,unemployed,Medium
30,115.69573846699791,1.7279162338260912,27.818902982105534,True,Larkana,unemployed,Low
73,69.14190282435925,1.6917870975168936,0.5815588350226885,False,Sialkot,retired,Medium
24,80.13882188177169,1.6919498547877663,0.8073129403773712,True,Faisalabad,student,Low
67,63.34283076628111,1.8218779567660357,2.5975376961803844,True,Hyderabad,retired,Low
65,71.86046740788512,1.7466712665054707,2.8206836022297503,True,Bahawalpur,retired,Low
19,91.19245135368868,1.8412608997371498,3.176785420631221,False,Quetta,student,High
34,50.0,1.8468419751287362,35.73165937380003,True,Sargodha,freelancer,Low
57,93.59993736961307,1.7259210196169645,12.913341819429132,False,Karachi,government_job,Low
18,87.32489832341177,1.6904809860674632,1.9656814989415716,False,Quetta,student,Low
23,103.31003542863402,1.6115879164739082,3.2514138710753624,True,Quetta,student,High
25,88.6721258453021,1.6462490263131555,18.263395744129838,False,Multan,business_owner,Medium
73,100.07275057309472,1.8150408194139718,1.2845434022333597,True,Karachi,retired,High
52,120.0,1.5,12.433761259073547,False,Sargodha,private_job,Low
35,68.29919796173583,1.9,12.128061836319425,True,Sargodha,freelancer,High
69,73.60098730569186,1.5188996199677631,3.496035903930793,False,Sialkot,retired,High
62,97.69908679769841,1.793854505069803,3.5778784353270305,False,Larkana,retired,Low
44,115.51713465242801,1.7692432789769645,18.736746133513186,True,Bahawalpur,freelancer,Low
20,77.24013321401335,1.648354598857878,2.945459752815996,False,Hyderabad,student,High
28,96.20158965582735,1.5356095805810066,25.299085986405057,False,Faisalabad,freelancer,High
28,75.57867981049874,1.7888747515969574,12.30919930635675,False,Hyderabad,unemployed,High
56,87.8487753876025,1.5557356383642433,42.89673192053124,True,Rawalpindi,freelancer,Medium
42,98.13284932403356,1.7323880565946457,14.540014503941666,False,Sialkot,unemployed,High
59,83.93214404903914,1.7592867652956068,46.88065289708057,True,Sargodha,business_owner,Low
75,92.11337492954004,1.7426603006053658,2.7705065099026256,False,Quetta,retired,Medium
54,61.762466001462016,1.7223303215822143,26.717195414840894,False,Peshawar,unemployed,High
63,113.42423844012174,1.822722426648989,1.3159044756925236,False,Sargodha,retired,High
67,100.75621137637359,1.64728098830005,1.1107208519511629,True,Karachi,retired,Low
72,68.8456959115764,1.707304258874249,1.1584141714800653,False,Peshawar,retired,Medium
72,85.7604892152041,1.6145780089272543,1.1910797791166057,False,Sargodha,retired,Medium
70,103.41640763078684,1.7040679331092012,2.818864880539012,True,Rawalpindi,retired,Medium
18,65.5299989588422,1.8763586049603496,2.2708823403140483,True,Sargodha,student,High
40,92.44530908059792,1.7485893295368744,47.903685839669016,False,Rawalpindi,business_owner,Medium
44,91.94970486326653,1.7209508893696626,8.621023754338168,True,Rawalpindi,government_job,Medium
70,106.23589347163757,1.6908791734205975,3.1187704362229747,False,Bahawalpur,retired,High
18,99.51169666863855,1.7487876454726885,3.8247298858646928,True,Sialkot,student,Low
49,91.96704059795162,1.8074518668624135,10.914445943183075,True,Sialkot,unemployed,Medium
47,50.0,1.661169269128829,49.38473222153474,False,Bahawalpur,freelancer,High
30,94.08934914633083,1.6284244292386443,19.4490669681994,True,Peshawar,private_job,Low
51,86.28555444610433,1.779048600609805,25.647875560218914,False,Peshawar,freelancer,High
61,96.66549627387903,1.754167677600583,3.8731139204564173,False,Bahawalpur,retired,Low
31,71.06443295848246,1.7023741342890715,41.02002036644562,True,Hyderabad,government_job,Low
58,99.31964226765564,1.6682507791471797,38.03392028956521,False,Sialkot,freelancer,Low
42,83.98200094228214,1.5,29.714590758325336,True,Hyderabad,business_owner,Medium
44,50.0,1.6161252122469107,5.543731441963438,False,Larkana,business_owner,Medium
21,62.576223480469636,1.684543607793509,1.5013906921666278,False,Faisalabad,student,Low
44,96.43435341170864,1.6533269152851098,10.219497148775876,False,Multan,unemployed,Medium
52,120.0,1.764184199412938,27.394528244600988,True,Multan,private_job,Low
75,50.0,1.8729902553597468,2.158573949830432,False,Rawalpindi,retired,High
21,120.0,1.7616252824196585,2.8352598601811008,False,Peshawar,student,Low
73,81.20146774382434,1.7087872870081278,2.4408890061031374,False,Larkana,retired,High
53,52.68674306859021,1.7445285449716046,45.765455582284396,True,Rawalpindi,government_job,Medium
35,120.0,1.7452395477297122,31.357603354049424,True,Bahawalpur,private_job,High
71,120.0,1.8250121144650713,3.207841833723786,False,Sialkot,retired,High
37,50.0,1.6930630916648224,41.77895797010288,False,Bahawalpur,business_owner,High
58,80.93273664178827,1.841843893853886,25.164079672118877,True,Peshawar,government_job,Medium
21,66.63128278235138,1.8325850504465442,2.5879005867183418,False,Peshawar,student,High
62,50.0,1.9,3.1081612259940887,False,Karachi,retired,Medium
67,82.13445376503861,1.7865960787948014,1.8173738887496098,True,Faisalabad,retired,Medium
67,94.87492458995037,1.8265532982140142,2.982380236049364,False,Sargodha,retired,Low
21,116.78239423020544,1.5718719732280388,3.374030946313357,False,Hyderabad,student,Low
68,79.95886744592194,1.6237233844724042,0.9257043509502303,False,Lahore,retired,High
28,83.87992513030957,1.8779747856257085,5.6041121600243935,True,Quetta,freelancer,Low
28,89.80807984668664,1.9,41.94190974759478,False,Rawalpindi,government_job,Low
60,50.0,1.7190403389963473,9.335901284180341,False,Sargodha,government_job,Low
74,100.4992626423798,1.7688095732612017,1.0414056683623896,True,Quetta,retired,Low
60,67.27152660179645,1.802406024677179,21.569560345312794,True,Sargodha,business_owner,High
72,61.028303032315755,1.5524375556504113,3.5542364981968113,False,Rawalpindi,retired,Medium
38,50.0,1.837800615482437,7.896985203811035,True,Multan,business_owner,Low
46,78.8244449878597,1.5319894984344027,33.23768043354022,False,Sargodha,freelancer,Low
69,96.97917857248551,1.7275114182626716,2.9656831550654355,True,Rawalpindi,retired,High
27,64.44114855548725,1.782892911426715,11.763260781803812,True,Peshawar,unemployed,High
24,69.24324681013128,1.8444759468541199,3.3875239214103656,False,Karachi,student,High
74,75.33146011976179,1.7893119827154975,2.2335425129700335,False,Bahawalpur,retired,Medium
50,105.76920696471979,1.6435841399924334,29.601674520328018,False,Karachi,freelancer,Medium
53,74.01213414565231,1.5817499189407542,23.42742964020311,False,Quetta,government_job,Medium
23,87.08561600803526,1.6272943300478007,2.542194133047846,False,Faisalabad,student,Medium
59,113.70764547874427,1.8442606473641494,46.296430326955786,False,Sargodha,business_owner,Medium
22,78.87767824914735,1.6173973618269586,2.1299112374263967,True,Lahore,student,Low
73,104.58501486056237,1.7199611867215945,2.082039322412652,False,Rawalpindi,retired,Low
57,109.47011603519226,1.6164820752391817,33.78405739217878,False,Quetta,freelancer,Low
37,50.0,1.8525603806606217,45.53136385148271,True,Faisalabad,government_job,High
73,101.3175743542124,1.6164648373506016,1.5643080456474712,True,Bahawalpur,retired,Medium
42,77.18204870231142,1.657948029736685,5.529064732028456,False,Peshawar,unemployed,Low
35,68.40068948359509,1.9,33.69948648624121,False,Peshawar,private_job,High
47,72.44964128642977,1.6380168047398371,49.84026589015461,False,Multan,freelancer,Medium
43,112.55189466065342,1.6609109980201429,29.049588500578004,False,Hyderabad,unemployed,High
33,81.14050428940119,1.6294351130503149,13.144381123054082,False,Bahawalpur,business_owner,Low
41,120.0,1.555829777909042,32.88544658314629,False,Karachi,business_owner,Low
49,99.81611289098532,1.6929906317803602,31.72387686759481,False,Sialkot,unemployed,Medium
63,95.9866556009982,1.851107585230267,3.1407551117979593,True,Bahawalpur,retired,High
66,86.04333916710104,1.851794951318549,0.6652823945742639,False,Rawalpindi,retired,Medium
38,120.0,1.5930486433109177,25.452608070401173,False,Peshawar,private_job,High
55,56.59107012171489,1.8107674051045026,49.66207976931339,True,Bahawalpur,freelancer,High
63,78.47722086693058,1.8287023316988718,1.4979668836401254,True,Faisalabad,retired,High
21,57.80524373463779,1.8624226395842733,2.883871202442004,True,Lahore,student,Medium
27,98.58202517505896,1.7871612948664013,43.763519177715686,True,Larkana,freelancer,Low
65,104.2122276481706,1.7826049491239058,2.955116803948896,True,Peshawar,retired,Medium
60,82.18552559356341,1.516553399256245,27.09653231233683,True,Peshawar,unemployed,High
57,102.78450899217935,1.5,32.447713635396326,True,Multan,unemployed,Low
37,85.72982753334769,1.730806848725923,49.38647230794963,False,Bahawalpur,business_owner,Low
25,62.27540198145067,1.6064649644981095,21.21968894161569,False,Sargodha,unemployed,High
23,73.63280797028382,1.8670131300663726,3.6106055002440014,False,Hyderabad,student,Low
43,104.24074116943324,1.677872261884796,29.43728515307173,False,Multan,unemployed,Low
53,93.67263633858474,1.5128958070052358,40.829823547983,True,Lahore,private_job,High
44,90.19336498382812,1.5154048011446195,26.305095245595286,False,Hyderabad,government_job,Medium
29,94.60086005545276,1.7553857698796362,25.50281658571067,True,Karachi,unemployed,Medium
29,120.0,1.5,8.457697550671854,True,Bahawalpur,unemployed,Low
54,86.01254572054276,1.608001466923825,18.398211670099606,False,Karachi,business_owner,Low
65,91.47649283566224,1.9,2.0870600762288603,True,Rawalpindi,retired,Medium
27,86.5878239466692,1.5850613635863189,39.9653780911489,False,Rawalpindi,private_job,Low
51,57.90863207533903,1.819878345275924,11.176931045104475,True,Faisalabad,unemployed,Medium
18,57.41994488055466,1.7392910517962656,1.391767458296613,False,Quetta,student,Low
33,83.36935718438743,1.5802345446339394,48.58056449801074,False,Bahawalpur,business_owner,High
53,60.78253826302951,1.7664379631643943,10.447227344991585,True,Multan,unemployed,Medium
30,50.0,1.7142368817067952,36.19294314754039,True,Multan,private_job,High
36,119.90825333860747,1.7059416222745698,25.71225655754296,True,Lahore,freelancer,Medium
52,80.26853225937298,1.7693926642292008,38.582456985555275,True,Rawalpindi,freelancer,Medium
75,75.05555786128062,1.7791966025691532,2.0873363059257133,False,Multan,retired,High
69,66.07204224741699,1.5282397978933804,3.231440965167025,True,Karachi,retired,High
58,76.5398963531101,1.842463102789337,34.156204031181126,True,Larkana,private_job,Medium
56,59.40242811340417,1.6866368189767857,27.409596918284056,False,Multan,government_job,Medium
60,96.79680207848064,1.8555537504611368,9.051932818525984,False,Larkana,unemployed,High
67,56.78934231362908,1.6417858623337747,0.5937817382207022,False,Quetta,retired,Low
31,80.68192646947556,1.6708494954697208,9.404559864608622,False,Sargodha,private_job,Medium
73,90.59629417307801,1.62630627271065,0.5730222230967862,False,Lahore,retired,High
39,82.1364812433906,1.8069753299929028,7.673582346545436,False,Quetta,government_job,Medium
49,68.57761597215757,1.5,19.67450367969463,True,Karachi,unemployed,High
71,100.58447813946839,1.8090907231790991,3.44607408134749,True,Quetta,retired,Low
58,102.23977606214976,1.9,16.394127931237584,False,Sargodha,business_owner,Low
74,74.87614002593855,1.8713341649341928,2.409394168855566,False,Sialkot,retired,Medium
41,87.76620177584421,1.7361983523732203,44.14299863267334,False,Rawalpindi,business_owner,Low
46,63.78258927816205,1.800672823473048,41.39218041424563,False,Quetta,government_job,Medium
54,74.63344876749572,1.675562306344781,11.630997217922133,False,Rawalpindi,government_job,Medium
66,96.08288574449983,1.717323672101415,0.7696552713641749,True,Quetta,retired,Medium
23,50.0,1.60554319953781,2.8996960825506286,True,Quetta,student,Low
74,96.82187488959252,1.6383184618753845,2.607784692280812,True,Peshawar,retired,Medium
57,92.4304655421568,1.8365311522777958,32.1258863204794,True,Multan,freelancer,Medium
31,59.217029066030804,1.70111371528886,47.49160536426759,False,Larkana,government_job,High
65,78.61695341033166,1.5784099745179274,2.6238520421405878,True,Karachi,retired,Low
48,50.0,1.629275514429048,25.565223521333607,True,Faisalabad,freelancer,High
18,80.78381616702404,1.7119337648459516,1.6021823189931312,False,Peshawar,student,High
70,50.0,1.6061076780111383,1.4063201097044447,False,Lahore,retired,Low
66,80.48206764748693,1.6835474886605752,3.5108104205769117,False,Multan,retired,Medium
62,114.8072036922278,1.723866752444125,3.530370337388475,False,Larkana,retired,High
48,59.25104052315727,1.9,48.661200343628416,False,Sargodha,business_owner,Medium
33,93.87886266219695,1.7699892513493942,48.066315051875605,True,Bahawalpur,government_job,Low
38,111.70034027205689,1.8511933863934829,35.340576661315595,True,Rawalpindi,private_job,Medium
40,82.56235370125748,1.6942611200974527,36.466701909852404,True,Hyderabad,business_owner,High
68,73.35691282216868,1.5299455645637576,1.0455739419350722,False,Lahore,retired,Medium
67,78.12929233286162,1.7962972620256954,1.1629191661796867,True,Faisalabad,retired,Low
66,82.63756364978258,1.707000761100562,3.9583664604723308,False,Hyderabad,retired,High
71,107.23912237796881,1.7189438870365263,3.7991869727249403,True,Peshawar,retired,Medium
42,61.80379403766949,1.6508868777940238,22.066458483907713,False,Lahore,freelancer,Medium
42,120.0,1.8530130214922964,37.99700399235274,False,Quetta,private_job,High
65,120.0,1.6977272181003016,1.4921421395621266,False,Rawalpindi,retired,Medium
39,107.15890039866346,1.662971046448238,33.36883979365135,True,Peshawar,business_owner,High
30,113.88064039752653,1.799432091732768,7.306450673007797,False,Lahore,unemployed,High
22,50.0,1.7411722548064472,2.082574410721458,False,Bahawalpur,student,Low
65,120.0,1.6380302127191961,2.9781695827633814,False,Sialkot,retired,Medium
39,96.35567269304232,1.6389806965105305,38.73719502493943,True,Peshawar,government_job,Medium
73,71.84374351768572,1.6934440277617284,1.6431485625861832,True,Multan,retired,High
48,70.58527304225589,1.5,8.670576073643801,False,Faisalabad,unemployed,High
43,109.3973169745349,1.8047335212249969,25.137765391279952,False,Larkana,unemployed,Medium
32,89.26977356704182,1.9,6.193568224179247,True,Larkana,private_job,Low
71,67.78599261288494,1.6718259346888962,3.965629820153285,False,Sargodha,retired,Low
71,87.10274720179254,1.9,3.720532694739903,True,Hyderabad,retired,Low
66,75.00968118394123,1.8133213403764796,2.175385895353829,True,Quetta,retired,Low
